Site;Model;RMSE;ME;R2
KANU;CFM-Cr;3.79354929576652;2.01578144820019;0.419407911780206
KANU;CFM-KM;3.6169912264629;1.78611780441448;0.428363466296998
KANU;DTU;6.23533885982759;-5.23213241828727;0.62604579824046
KANU;DMIHH;2.81823418742314;-1.63089935014956;0.656618412480439
KANU;GEUS;2.97322653310666;0.626145935531567;0.52662216472165
KANU;IMAUFDM;4.13658079587693;2.44307363552517;0.443573005348016
KANU;MeyerHewitt;5.15745744982465;-3.60981966594749;0.0859745972297429
KANU;UppsalaUniBucket;5.96762707050208;4.71501307078387;0.28822202780903
KANU;UppsalaUniDeepPerc;6.03656603522755;4.63175971136564;0.251964621765191
